{"cameraMode":{"drawMode":0,"name":"Shaded","section":"Shading Mode"},"sceneLighting":false,"audioPlay":false,"sceneViewState":{"m_AlwaysRefresh":false,"showFog":true,"showSkybox":false,"showFlares":true,"showImageEffects":true,"showParticleSystems":true,"showVisualEffectGraphs":true,"m_FxEnabled":true},"in2DMode":false,"pivot":{"x":0.0260888934135437,"y":0.12998066842556,"z":0.05219137668609619},"rotation":{"x":0.05378434807062149,"y":-0.9361686110496521,"z":0.16455748677253724,"w":0.30598074197769167},"size":0.3623925447463989,"orthographic":false}