{"cameraMode":{"drawMode":0,"name":"Shaded","section":"Shading Mode"},"sceneLighting":false,"audioPlay":false,"sceneViewState":{"m_AlwaysRefresh":false,"showFog":true,"showSkybox":false,"showFlares":true,"showImageEffects":true,"showParticleSystems":true,"showVisualEffectGraphs":true,"m_FxEnabled":true},"in2DMode":false,"pivot":{"x":-0.13404864072799684,"y":0.10977181792259217,"z":0.26022201776504519},"rotation":{"x":-0.02160213515162468,"y":-0.929185152053833,"z":0.05498668923974037,"w":-0.3650740683078766},"size":0.044090159237384799,"orthographic":false}