{"cameraMode":{"drawMode":0,"name":"Shaded","section":"Shading Mode"},"sceneLighting":false,"audioPlay":false,"sceneViewState":{"m_AlwaysRefresh":false,"showFog":true,"showSkybox":false,"showFlares":true,"showImageEffects":true,"showParticleSystems":true,"showVisualEffectGraphs":true,"m_FxEnabled":true},"in2DMode":false,"pivot":{"x":-0.12403775751590729,"y":0.07953810691833496,"z":0.19103854894638062},"rotation":{"x":0.002359876874834299,"y":-0.8988145589828491,"z":-0.004848984535783529,"w":-0.43847304582595827},"size":0.0760597512125969,"orthographic":false}